{
  "skins": {
    "eui.Button": "resource/eui_skins/ButtonSkin.exml",
    "eui.CheckBox": "resource/eui_skins/CheckBoxSkin.exml",
    "eui.HScrollBar": "resource/eui_skins/HScrollBarSkin.exml",
    "eui.HSlider": "resource/eui_skins/HSliderSkin.exml",
    "eui.Panel": "resource/eui_skins/PanelSkin.exml",
    "eui.TextInput": "resource/eui_skins/TextInputSkin.exml",
    "eui.ProgressBar": "resource/eui_skins/ProgressBarSkin.exml",
    "eui.RadioButton": "resource/eui_skins/RadioButtonSkin.exml",
    "eui.Scroller": "resource/eui_skins/ScrollerSkin.exml",
    "eui.ToggleSwitch": "resource/eui_skins/ToggleSwitchSkin.exml",
    "eui.VScrollBar": "resource/eui_skins/VScrollBarSkin.exml",
    "eui.VSlider": "resource/eui_skins/VSliderSkin.exml",
    "eui.ItemRenderer": "resource/eui_skins/ItemRendererSkin.exml",
    "HomeScene": "resource/scene/HomeScene.exml",
    "PlayScene": "resource/scene/PlayScene.exml",
    "OverScene": "resource/scene/OverScene.exml",
    "AttentionLayer": "resource/layout/AttentionLayer.exml",
    "ShareLayer": "resource/layout/ShareLayer.exml",
    "RankLayer": "resource/layout/RankLayer.exml",
    "RankItem": "resource/layout/RankItem.exml",
    "RuleLayer": "resource/layer/RuleLayer.exml",
    "GiftLayer": "resource/layout/GiftLayer.exml",
    "GiftItem": "resource/layout/GiftItem.exml",
    "PopupLayer": "resource/layout/PopupLayer.exml",
    "EditerLayer": "resource/layout/EditerLayer.exml",
    "TipsLayer": "resource/layout/TipsLayer.exml",
    "AwardLayer": "resource/layout/AwardLayer.exml"
  },
  "autoGenerateExmlsList": true,
  "exmls": [
    "resource/eui_skins/ButtonSkin.exml",
    "resource/eui_skins/CheckBoxSkin.exml",
    "resource/eui_skins/HScrollBarSkin.exml",
    "resource/eui_skins/HSliderSkin.exml",
    "resource/eui_skins/ItemRendererSkin.exml",
    "resource/eui_skins/PanelSkin.exml",
    "resource/eui_skins/ProgressBarSkin.exml",
    "resource/eui_skins/RadioButtonSkin.exml",
    "resource/eui_skins/ScrollerSkin.exml",
    "resource/eui_skins/TextInputSkin.exml",
    "resource/eui_skins/ToggleSwitchSkin.exml",
    "resource/eui_skins/VScrollBarSkin.exml",
    "resource/eui_skins/VSliderSkin.exml",
    "resource/layout/AttentionLayer.exml",
    "resource/layout/AwardLayer.exml",
    "resource/layout/EditerLayer.exml",
    "resource/layout/GiftItem.exml",
    "resource/layout/GiftLayer.exml",
    "resource/layout/PopupLayer.exml",
    "resource/layout/RankItem.exml",
    "resource/layout/RankLayer.exml",
    "resource/layout/RuleLayer.exml",
    "resource/layout/ShareLayer.exml",
    "resource/layout/TipsLayer.exml",
    "resource/scene/HomeScene.exml",
    "resource/scene/OverScene.exml",
    "resource/scene/PlayScene.exml"
  ]
}